PassengerId,Survived,Pclass,Name,Sex,Age,SibSp,Parch,Ticket,Fare,Cabin,Embarked
1,1,3,"Smith, Mrs. Ellen",female,2.8,0,1,194921,28.6699,,S
2,1,2,"Green, Mr. John",male,19.9,1,1,661694,0.0,,C
3,0,3,"Clark, Mr. Robert",male,29.6,0,0,496069,20.4358,,Q
4,0,3,"Mitchell, Miss. Grace",female,,0,0,47185,24.2436,,C
5,1,1,"Scott, Miss. Alice",female,18.5,0,0,568188,63.8193,,S
6,0,3,"Johnson, Mr. Robert",male,53.7,0,0,843928,0.3815,,S
7,0,3,"Johnson, Mr. Edward",male,19.8,2,2,431395,24.0725,,Q
8,1,3,"Johnson, Mr. Frank",male,19.8,2,0,325408,0.5054,,S
9,0,1,"Mitchell, Mr. William",male,52.0,0,0,279829,70.0886,G13,S
10,0,3,"Scott, Mr. Henry",male,32.8,1,0,385623,13.2586,,S
11,0,2,"Hall, Mr. Charles",male,21.7,1,0,285835,29.902,C66,C
12,0,3,"Anderson, Mr. Charles",male,,0,1,924970,6.8071,F110,S
13,0,3,"Nelson, Mr. Frank",male,49.3,1,0,992205,6.1696,,S
14,1,3,"Anderson, Mrs. Florence",female,51.0,0,1,349854,14.7881,,S
15,1,2,"Green, Mrs. Mary",female,17.9,1,0,924439,33.6831,,C
16,1,1,"Baker, Mr. Robert",male,29.1,2,0,855056,262.4211,,S
17,0,3,"Wilson, Mr. Charles",male,31.0,0,0,85139,0.0,E52,C
18,0,1,"Young, Mr. Walter",male,15.4,1,0,495928,108.5967,,C
19,0,3,"Anderson, Mr. Robert",male,28.9,2,0,659984,1.7481,,Q
20,0,3,"Clark, Miss. Ellen",female,29.8,0,0,427909,24.9069,,C
21,1,3,"Mitchell, Miss. Alice",female,46.2,0,0,462308,3.376,,S
22,1,2,"Scott, Mrs. Grace",female,47.2,1,0,499223,11.8296,,S
23,0,3,"Adams, Mrs. Emily",female,24.9,2,0,691925,7.218,,S
24,0,3,"Young, Miss. Grace",female,26.6,0,0,300825,12.8618,,Q
25,1,3,"Anderson, Mrs. Margaret",female,,0,1,600990,17.2552,,S
26,0,1,"Green, Mr. James",male,21.2,1,2,251055,121.7287,F95,S
27,0,3,"Young, Mr. Henry",male,38.2,0,0,890358,13.6366,,C
28,1,1,"Taylor, Mr. Henry",male,28.4,0,1,93826,0.0,,S
29,1,1,"Hall, Mr. Henry",male,15.6,0,0,76318,140.7673,,C
30,0,3,"Wright, Mr. John",male,15.8,0,6,47352,13.1175,,S
31,0,3,"Green, Miss. Mary",female,50.7,0,0,356101,26.4791,,S
32,0,3,"Anderson, Mr. Henry",male,27.4,0,0,610183,5.9149,F55,S
33,0,2,"Nelson, Mr. James",male,,0,0,985638,0.0,,S
34,0,2,"Clark, Mr. James",male,22.3,1,1,460099,20.1577,,S
35,0,3,"Wilson, Mr. Walter",male,33.9,0,0,190462,27.9555,,Q
36,0,1,"Taylor, Mr. Frank",male,64.4,0,0,374561,96.5535,,S
37,1,1,"Adams, Miss. Ellen",female,14.4,0,0,136059,68.4258,,S
38,0,3,"Clark, Mr. Frank",male,2.2,0,0,477266,4.1262,,C
39,1,1,"Allen, Mrs. Anna",female,48.4,0,1,731681,221.1058,,C
40,0,3,"Anderson, Mr. Edward",male,17.7,0,0,45177,2.3744,,S
41,0,2,"Scott, Mr. George",male,29.4,0,0,779660,11.1699,,Q
42,0,3,"Baker, Mr. Frank",male,21.2,0,0,236276,19.9704,F8,S
43,0,3,"Moore, Miss. Elizabeth",female,,0,0,675550,0.0,,S
44,1,2,"Carter, Miss. Grace",female,,0,0,817339,37.1697,,S
45,0,3,"Smith, Mr. Edward",male,27.1,2,1,778433,20.5661,,C
46,1,3,"Brown, Mrs. Ellen",female,36.2,1,4,673181,23.5915,C11,S
47,0,2,"King, Mr. Frank",male,15.1,0,0,696783,27.8555,D103,S
48,1,2,"Green, Miss. Emily",female,19.5,0,0,195744,18.5054,,C
49,0,3,"Wilson, Mr. Henry",male,24.7,0,0,144412,2.0054,,S
50,0,1,"King, Mr. George",male,,0,0,387440,73.0741,,S
51,1,1,"Moore, Miss. Mary",female,,0,0,612139,7.9316,C20,C
52,1,1,"King, Mr. William",male,31.4,0,0,621983,121.9201,,S
53,0,3,"Scott, Mr. William",male,23.9,0,0,779107,22.5746,,S
54,1,3,"Mitchell, Mr. Frank",male,25.8,0,0,315410,29.9449,,S
55,1,3,"Allen, Mr. Edward",male,29.4,0,0,866860,17.7894,,Q
56,1,3,"Wright, Mrs. Emily",female,20.2,1,1,454655,23.8703,,S
57,0,3,"King, Mrs. Grace",female,39.7,1,0,253772,10.4314,,S
58,0,3,"Moore, Miss. Alice",female,50.5,0,0,738062,8.439,B6,S
59,1,1,"Wilson, Mr. George",male,23.0,0,2,136156,120.9464,,S
60,0,1,"Mitchell, Mr. Frank",male,,0,0,411259,53.8551,,Q
61,0,3,"Anderson, Mr. Walter",male,26.2,1,0,783278,16.661,,S
62,0,3,"Baker, Mr. Charles",male,35.0,0,0,773395,2.0269,,S
63,0,3,"Brown, Mr. Charles",male,52.4,0,0,263982,4.0021,,S
64,0,3,"Adams, Miss. Florence",female,,0,0,174886,20.6895,,S
65,1,3,"Taylor, Mrs. Anna",female,4.0,2,0,41610,23.4536,G5,S
66,0,3,"Mitchell, Miss. Alice",female,36.3,0,0,98482,2.8578,,Q
67,0,3,"Scott, Mr. William",male,47.6,0,0,826960,21.0768,,S
68,0,2,"Johnson, Mr. Charles",male,26.5,0,0,785767,13.6744,,S
69,1,1,"Scott, Mr. William",male,44.1,0,0,510930,85.2874,,S
70,0,2,"Wright, Mr. Charles",male,19.7,0,0,574407,39.0203,,S
71,0,1,"Moore, Mr. Robert",male,,0,0,333366,146.984,,S
72,0,2,"Wilson, Mr. Robert",male,31.7,0,1,200125,30.9463,,S
73,0,3,"Green, Mr. William",male,4.2,0,0,21314,34.6967,,S
74,0,1,"Green, Miss. Margaret",female,26.2,0,0,675164,29.0974,,C
75,1,1,"Moore, Mr. Walter",male,48.4,1,0,44974,7.1018,,C
76,1,2,"Nelson, Miss. Alice",female,2.0,0,0,113975,11.2124,E10,S
77,0,2,"Wilson, Mr. Edward",male,11.1,0,2,794696,17.2915,,Q
78,0,3,"Johnson, Mr. Charles",male,14.7,0,0,587002,0.0,,S
79,0,3,"King, Mr. Frank",male,28.8,0,0,494808,11.4183,A85,S
80,0,3,"Brown, Mr. James",male,24.4,0,2,226212,7.7097,,C
81,0,3,"Wilson, Mr. John",male,50.0,2,0,158224,22.3214,,S
82,0,2,"Young, Mr. Walter",male,,0,0,471834,25.1815,,S
83,0,3,"Wilson, Mrs. Alice",female,36.9,1,0,364920,7.0923,C49,S
84,0,1,"Anderson, Mr. James",male,31.8,1,0,538774,130.0169,,S
85,0,1,"Green, Mr. Robert",male,35.4,0,0,173651,140.4145,,C
86,1,1,"Young, Mr. Frank",male,,0,0,239130,24.0534,E83,S
87,0,3,"Adams, Mr. John",male,42.1,0,0,121752,8.2767,,C
88,0,3,"King, Mr. Walter",male,13.6,0,1,430234,0.0,,S
89,1,1,"Allen, Mr. James",male,41.8,0,0,283544,0.0,A41,S
90,1,3,"Wilson, Miss. Helen",female,46.9,0,0,231225,5.5328,,S
91,0,1,"Baker, Miss. Margaret",female,32.8,0,0,554012,89.785,G73,C
92,0,3,"Taylor, Miss. Elizabeth",female,27.1,0,0,502438,3.3008,,S
93,0,2,"Anderson, Mr. Edward",male,35.5,1,0,217906,13.9251,D94,C
94,0,2,"Adams, Mr. James",male,,0,1,702041,4.6707,,S
95,1,2,"Green, Mrs. Helen",female,,1,0,350234,22.8245,,S
96,0,3,"Wright, Mr. Henry",male,28.1,0,0,347951,18.3829,,S
97,0,2,"Smith, Mr. Frank",male,,0,0,483151,25.8307,E44,S
98,0,1,"Brown, Mr. Henry",male,39.9,0,0,147656,84.9642,,Q
99,1,1,"Allen, Miss. Mary",female,28.6,0,0,425829,0.0,,S
100,0,3,"Green, Mr. Edward",male,13.2,0,2,586572,6.8805,,S
101,1,3,"Allen, Mrs. Margaret",female,27.6,2,0,137341,9.2196,C6,S
102,0,3,"Smith, Miss. Grace",female,30.7,0,0,569245,9.2638,,S
103,0,2,"Taylor, Mr. Henry",male,31.4,0,6,48476,21.5748,F26,S
104,1,3,"King, Miss. Emily",female,32.0,0,0,607451,29.381,,C
105,1,3,"Scott, Mr. Henry",male,44.8,0,2,45104,22.6331,A98,S
106,0,3,"Smith, Mr. Walter",male,14.0,0,0,183333,2.8373,B72,S
107,0,3,"Smith, Mr. Walter",male,32.2,0,0,356676,21.1624,,S
108,1,2,"Wilson, Mrs. Ellen",female,,0,2,618478,28.9239,,S
109,1,1,"Johnson, Mr. Charles",male,4.5,0,0,721613,21.1267,,S
110,0,3,"Young, Mr. Walter",male,32.3,0,0,474238,23.0375,,S
111,0,3,"Brown, Mr. James",male,21.2,8,0,139942,11.9359,,S
112,1,1,"Wright, Mr. James",male,24.3,0,0,393607,0.0,,C
113,0,2,"Baker, Mr. James",male,,0,0,789109,26.5176,C94,Q
114,0,3,"Mitchell, Mr. George",male,27.2,2,0,99414,16.0866,,Q
115,0,1,"Carter, Mr. John",male,,0,0,718516,66.2411,,C
116,1,3,"Wilson, Miss. Alice",female,11.4,0,0,391916,13.288,,S
117,1,3,"Smith, Mr. John",male,,1,0,13904,5.7901,,C
118,1,3,"Moore, Mrs. Helen",female,10.8,1,0,697640,20.4114,,S
119,0,2,"Green, Mr. James",male,54.7,1,0,36480,20.0351,,S
120,1,3,"Johnson, Miss. Emily",female,23.0,0,0,375954,15.5309,C62,S
121,0,3,"Clark, Mr. Edward",male,29.3,3,0,203082,17.6286,,S
122,0,3,"Wilson, Mr. William",male,23.9,0,0,588147,0.9996,,Q
123,1,1,"Anderson, Mrs. Elizabeth",female,16.0,4,0,65559,14.2459,,C
124,0,2,"Green, Mr. Charles",male,,1,0,100138,0.0,,S
125,0,1,"Scott, Mr. James",male,65.3,1,0,536029,128.0499,F57,S
126,1,3,"Young, Miss. Alice",female,49.9,0,0,993997,0.3657,,S
127,1,2,"Carter, Mrs. Alice",female,17.3,0,6,49230,22.3234,F55,S
128,0,1,"Brown, Mr. Frank",male,39.1,0,2,466139,112.9371,,C
129,1,1,"Brown, Mr. Walter",male,17.6,0,0,804618,130.9835,E35,Q
130,1,3,"Clark, Mrs. Helen",female,3.9,0,2,297845,0.4558,B73,S
131,1,1,"Scott, Mrs. Alice",female,44.5,1,1,498031,78.9174,E68,S
132,0,3,"King, Miss. Anna",female,46.5,0,0,840296,32.0731,,S
133,0,3,"Johnson, Mr. Edward",male,44.9,0,0,730674,32.5575,A118,S
134,1,2,"Mitchell, Miss. Ellen",female,22.9,0,0,300279,33.4352,E16,S
135,0,3,"Moore, Mr. William",male,27.3,0,0,753194,17.4124,,S
136,1,1,"Clark, Miss. Helen",female,,0,0,679008,5.6017,,S
137,0,3,"Wright, Mr. Edward",male,35.4,0,0,511695,21.6048,,S
138,0,3,"Carter, Mrs. Margaret",female,24.0,1,0,446720,11.9618,,S
139,0,3,"Scott, Mr. George",male,6.2,1,2,926108,19.8658,,C
140,1,1,"Mitchell, Mr. William",male,31.4,0,0,875536,34.6382,,S
141,1,3,"Taylor, Miss. Margaret",female,45.3,0,0,990337,11.7977,,C
142,0,3,"Wright, Mr. Walter",male,12.3,0,0,678628,15.5056,,S
143,1,3,"Adams, Mrs. Mary",female,39.0,1,0,365622,16.4091,,S
144,1,3,"Young, Mr. John",male,34.5,1,1,118519,19.1309,,S
145,0,3,"Clark, Mr. Walter",male,40.6,0,0,134605,7.3289,,S
146,0,2,"Mitchell, Mr. John",male,42.3,1,0,951681,3.1373,,S
147,1,2,"Brown, Mr. Frank",male,,0,0,369605,41.7222,,S
148,0,3,"Hall, Mr. Charles",male,6.3,0,0,119337,41.0818,,S
149,0,2,"Nelson, Mr. Walter",male,22.0,1,0,231120,26.4165,,Q
150,0,1,"Carter, Mr. Edward",male,42.6,0,1,30672,0.0,,S
151,0,3,"Mitchell, Miss. Helen",female,,0,0,535695,5.1949,F1,S
152,0,3,"Nelson, Miss. Florence",female,,0,0,595042,19.3003,C33,C
153,1,1,"Johnson, Miss. Ellen",female,3.3,0,0,384603,188.607,D18,S
154,1,3,"Carter, Mr. William",male,55.1,0,0,746680,0.3582,E4,S
155,0,1,"Hall, Mr. George",male,41.7,0,0,485644,74.302,,C
156,0,3,"Scott, Mr. Frank",male,40.9,0,0,960338,15.8553,,S
157,1,2,"Clark, Miss. Ellen",female,43.7,0,0,765554,31.8395,,S
158,1,3,"Adams, Mrs. Grace",female,38.1,1,0,84550,9.9204,,S
159,0,3,"King, Mr. James",male,26.2,0,2,281280,0.0,,S
160,1,3,"Adams, Mrs. Mary",female,27.3,1,0,756683,20.5332,,C
161,0,1,"Taylor, Mr. Robert",male,23.5,0,0,542099,171.7341,,S
162,0,3,"Taylor, Mr. Edward",male,67.9,0,0,755685,12.7915,D63,S
163,0,1,"Hall, Mr. Robert",male,,0,0,341809,115.6087,,S
164,0,1,"Smith, Mr. Robert",male,23.0,1,0,47759,46.9897,C41,S
165,1,3,"Scott, Miss. Helen",female,,0,0,787110,4.3965,,S
166,0,2,"Wilson, Mrs. Mary",female,15.0,1,0,787178,33.9435,C55,S
167,1,3,"King, Mr. Edward",male,,0,0,643140,17.9625,,C
168,0,3,"Johnson, Mr. Edward",male,20.1,0,0,410322,19.0941,B82,S
169,0,2,"Taylor, Miss. Elizabeth",female,37.0,0,0,18419,40.1275,D65,C
170,1,3,"Wright, Miss. Mary",female,45.2,0,0,730574,2.0967,C114,S
171,0,2,"Moore, Mr. John",male,35.3,0,0,663450,13.4237,,S
172,0,3,"Anderson, Mr. Edward",male,,0,0,670982,15.4373,E16,S
173,0,2,"Anderson, Mr. James",male,,0,0,178460,13.2639,B110,C
174,0,3,"Anderson, Mr. James",male,28.9,0,1,733906,22.3145,,S
175,1,1,"Wright, Mrs. Grace",female,21.3,0,2,727228,69.3829,,S
176,1,1,"Taylor, Mr. Edward",male,23.2,0,0,858906,6.5824,,C
177,1,2,"Clark, Miss. Mary",female,,0,0,571664,21.455,,S
178,0,3,"Scott, Mr. Robert",male,,0,0,734226,15.5737,,S
179,0,3,"Young, Mr. George",male,18.3,0,0,407467,23.9815,,S
180,1,3,"King, Miss. Anna",female,22.2,0,0,699706,18.0245,,S
181,0,3,"Wilson, Mr. Edward",male,45.7,0,1,697125,18.7726,,S
182,0,3,"Carter, Mr. James",male,39.5,1,0,781793,17.2232,,S
183,0,3,"Hall, Miss. Ellen",female,37.8,0,0,858026,11.6296,,Q
184,1,2,"Wilson, Miss. Alice",female,,0,0,13154,11.2892,,S
185,0,3,"Carter, Mr. Walter",male,,1,0,780955,16.8772,,S
186,0,3,"Scott, Mr. Frank",male,20.4,0,1,794556,10.0356,,Q
187,0,2,"Wright, Mr. Robert",male,,0,0,549924,42.5677,,S
188,0,1,"Nelson, Mr. James",male,43.8,2,0,524433,188.6902,,S
189,0,3,"Johnson, Mr. Frank",male,42.4,2,0,725466,20.6612,,S
190,0,2,"Adams, Mr. Henry",male,15.5,1,0,460736,25.5201,F101,S
191,0,3,"Scott, Miss. Margaret",female,,0,0,419774,12.7325,F95,S
192,1,1,"Clark, Miss. Alice",female,,0,0,805324,0.0,,Q
193,1,1,"Wilson, Mrs. Alice",female,,4,0,791135,67.1386,,C
194,1,3,"Brown, Mrs. Margaret",female,1.9,2,0,214870,14.8154,,S
195,1,1,"Carter, Mrs. Helen",female,33.7,0,1,830760,101.8976,,S
196,1,1,"Brown, Miss. Elizabeth",female,9.7,0,0,333226,120.6238,,C
197,0,3,"Wilson, Miss. Elizabeth",female,,0,0,145920,23.8346,D94,S
198,0,3,"Scott, Mr. Henry",male,,0,1,879630,6.0863,D51,C
199,0,1,"Green, Mr. Charles",male,23.6,1,0,245650,30.7201,,S
200,0,2,"Taylor, Mr. John",male,22.0,0,0,210939,39.4611,,S
201,0,3,"Adams, Mr. Frank",male,29.8,0,2,277288,22.1808,,C
202,0,3,"Young, Mr. George",male,21.9,0,0,496629,9.4015,,S
203,0,3,"Adams, Mr. Henry",male,8.5,0,0,174420,12.5207,,S
204,0,1,"Johnson, Mr. William",male,41.0,0,0,167960,75.9883,,C
205,1,1,"Smith, Mr. William",male,40.6,0,0,398609,86.4628,,S
206,0,1,"Wright, Mr. Robert",male,41.9,0,0,225757,120.8693,,S
207,0,1,"Taylor, Mrs. Alice",female,7.4,2,1,201102,281.7294,,S
208,1,3,"Young, Miss. Helen",female,,0,0,913040,15.7873,,S
209,1,1,"Smith, Mr. Robert",male,39.5,0,1,599583,135.6827,,S
210,0,3,"Baker, Mr. Frank",male,,0,0,23678,0.0,G70,S
211,0,3,"Nelson, Mr. Henry",male,,0,0,110599,8.3661,,S
212,1,3,"Adams, Miss. Florence",female,28.0,0,0,815798,27.217,,C
213,1,1,"Mitchell, Miss. Alice",female,,0,0,277219,115.3806,G114,S
214,0,3,"Carter, Mr. William",male,,0,0,160873,0.0,,S
215,1,3,"Hall, Miss. Emily",female,,0,0,668864,21.1143,G27,S
216,0,3,"Clark, Mr. John",male,65.9,0,0,839647,34.7998,,C
217,0,1,"Nelson, Mr. Charles",male,16.4,0,0,404559,0.0,,S
218,1,1,"Carter, Miss. Margaret",female,,0,0,745447,202.5122,,C
219,0,3,"Mitchell, Mr. Frank",male,43.8,0,0,427247,0.0,,S
220,0,2,"Baker, Mr. Edward",male,15.3,0,0,117720,32.794,,S
221,0,2,"Anderson, Mr. Henry",male,36.9,0,0,799945,20.4876,,Q
222,0,3,"Carter, Mr. Frank",male,,0,0,919758,0.0,,
223,1,3,"Carter, Miss. Ellen",female,37.7,0,0,984665,18.6075,,S
224,0,3,"Scott, Miss. Alice",female,33.0,0,0,109060,26.3592,,S
225,0,2,"Nelson, Mr. John",male,47.0,4,0,569416,25.3305,,S
226,0,3,"King, Mr. Henry",male,30.8,5,0,627185,20.1331,,S
227,1,1,"Carter, Mrs. Elizabeth",female,27.3,3,0,88276,51.8893,,C
228,0,3,"Johnson, Mr. William",male,,0,0,952130,0.0,,C
229,1,3,"Nelson, Miss. Florence",female,38.1,0,0,111873,21.3105,,S
230,1,1,"Johnson, Mrs. Anna",female,,0,1,276041,220.4808,E1,S
231,1,1,"Moore, Mr. William",male,20.1,0,1,968814,172.1073,,S
232,1,2,"Brown, Miss. Alice",female,,0,0,560537,0.0,F17,S
233,0,3,"Allen, Mr. John",male,21.5,0,0,682441,0.0,,S
234,0,3,"Anderson, Mr. Frank",male,20.7,0,0,498770,4.3944,,S
235,0,3,"Mitchell, Mr. Walter",male,41.1,0,6,754943,0.0,F12,S
236,1,3,"King, Mr. James",male,43.9,0,0,90654,14.1861,,S
237,0,3,"Nelson, Mrs. Grace",female,27.5,1,0,679005,18.0276,,Q
238,1,3,"Wilson, Miss. Alice",female,,0,0,75971,0.0,,
239,1,1,"Smith, Mrs. Ellen",female,49.5,1,0,187821,144.616,,S
240,1,1,"Baker, Miss. Mary",female,33.2,0,0,511182,130.8861,,S
241,1,3,"Green, Mr. Charles",male,17.8,0,0,453878,7.6702,,S
242,0,3,"Young, Mr. Robert",male,52.5,0,0,161018,11.8023,,S
243,1,1,"Adams, Miss. Alice",female,28.8,0,0,800098,0.0,,S
244,1,3,"Adams, Mrs. Anna",female,31.5,0,1,308846,10.0451,,S
245,0,3,"King, Mr. William",male,24.8,0,1,867698,13.7812,B51,S
246,0,3,"Mitchell, Mr. George",male,16.8,0,0,24843,15.5562,,C
247,0,3,"Green, Mr. James",male,8.4,0,0,244961,17.8676,,S
248,0,2,"Scott, Mr. John",male,,0,0,303883,23.7751,,S
249,1,2,"Clark, Mrs. Elizabeth",female,18.3,1,1,600001,17.1635,,S
250,0,2,"Smith, Mr. George",male,,0,0,407019,24.3205,B36,C
251,1,3,"Anderson, Miss. Florence",female,,0,0,165530,24.7224,G25,C
252,1,3,"Baker, Mrs. Anna",female,11.5,0,1,575353,12.6495,F27,C
253,1,3,"Green, Miss. Elizabeth",female,37.1,0,0,958693,17.1935,,S
254,0,2,"Moore, Mr. George",male,51.9,0,0,142330,18.1798,,S
255,0,1,"Wright, Mr. Frank",male,30.6,0,0,259681,33.5528,,S
256,1,3,"Taylor, Mrs. Florence",female,38.0,1,0,483705,19.4517,,S
257,0,3,"Wilson, Miss. Elizabeth",female,3.0,0,0,729368,7.5925,C61,S
258,0,1,"Carter, Mr. John",male,19.9,0,0,145245,114.1195,,S
259,1,1,"Hall, Mrs. Alice",female,14.1,0,2,238801,86.2039,,S
260,0,3,"Anderson, Mr. Edward",male,2.2,1,0,242836,10.3567,,S
261,1,1,"Allen, Mrs. Helen",female,31.4,1,1,619892,58.4049,,S
262,0,3,"Clark, Mr. Henry",male,,2,0,91588,8.1107,A4,S
263,0,2,"Green, Mr. William",male,,0,0,662671,0.0,,C
264,1,1,"Mitchell, Mr. Henry",male,21.9,0,2,431212,113.8658,,S
265,0,3,"King, Mr. James",male,17.6,0,0,335143,16.247,,C
266,0,1,"King, Mr. Frank",male,35.4,1,0,863532,150.2743,,S
267,1,2,"Clark, Mr. John",male,34.1,0,0,820644,13.6911,,C
268,1,1,"King, Mr. Henry",male,42.7,0,0,804913,231.8399,,C
269,0,1,"Moore, Mrs. Alice",female,40.6,0,1,886516,54.3806,,S
270,1,1,"Smith, Mr. Edward",male,,0,0,241570,15.7414,,Q
271,1,1,"Nelson, Miss. Helen",female,,0,0,856518,6.4926,,S
272,1,1,"Hall, Miss. Mary",female,,0,0,184231,0.0,,S
273,1,1,"Allen, Mr. Walter",male,37.1,0,0,337489,203.545,,C
274,0,3,"Johnson, Mr. Robert",male,,1,0,559962,28.7817,,S
275,0,3,"Adams, Miss. Florence",female,23.9,0,0,746896,20.3082,C51,S
276,1,2,"Taylor, Mrs. Mary",female,24.9,1,0,581893,8.9508,F114,S
277,1,2,"Hall, Mr. George",male,17.8,0,0,563895,44.1465,,S
278,1,3,"Adams, Mrs. Ellen",female,35.8,1,1,382700,9.8311,,S
279,0,3,"Allen, Mr. Charles",male,28.3,0,0,596701,10.7407,A57,S
280,0,3,"Carter, Mr. Edward",male,,1,0,480354,29.5098,,S
281,1,1,"Anderson, Miss. Emily",female,20.1,0,0,482650,135.395,,S
282,1,1,"Green, Mr. Robert",male,12.1,0,0,589863,255.686,,S
283,1,1,"Mitchell, Miss. Elizabeth",female,,0,0,604257,103.4003,,S
284,0,2,"Young, Mr. Charles",male,30.8,0,0,336662,15.4386,,S
285,0,3,"Scott, Miss. Grace",female,17.2,0,0,144297,6.9701,,S
286,0,2,"Clark, Mr. William",male,41.4,1,1,306563,0.0,,S
287,1,1,"Baker, Mr. Walter",male,21.6,2,0,414758,62.2695,,C
288,0,2,"Carter, Mr. Edward",male,9.3,0,0,169314,35.4797,,C
289,0,3,"Green, Mr. Edward",male,44.5,0,5,185894,20.2872,,S
290,1,1,"Carter, Miss. Mary",female,21.9,0,0,951478,85.584,,S
291,0,3,"King, Mr. James",male,23.8,1,1,287304,2.7557,,C
292,0,1,"King, Mr. William",male,,1,0,741591,101.6961,,C
293,0,3,"Moore, Mr. Henry",male,,0,1,136536,24.841,,S
294,0,1,"Green, Mr. George",male,30.0,2,0,972579,117.5961,,S
295,0,3,"Nelson, Miss. Mary",female,12.3,0,0,220370,15.5341,A29,S
296,0,3,"Wright, Mr. John",male,37.6,1,0,399919,4.9335,,S
297,1,3,"Anderson, Mrs. Anna",female,,3,0,784109,23.239,A68,C
298,1,3,"Young, Mr. Frank",male,57.1,1,0,209420,0.0,,S
299,1,3,"Baker, Mrs. Alice",female,29.7,0,4,554337,17.9113,F64,S
300,0,3,"Carter, Mr. William",male,0.4,0,0,787645,41.9735,B67,S
301,0,3,"Taylor, Mr. James",male,34.9,0,0,33406,0.0,,C
302,1,1,"Brown, Mrs. Alice",female,57.9,1,1,35114,65.1732,,S
303,0,3,"Hall, Miss. Ellen",female,52.6,0,0,790638,13.613,,C
304,1,3,"Brown, Mrs. Elizabeth",female,56.2,1,0,270114,8.6116,D24,S
305,0,3,"Mitchell, Mr. James",male,14.9,1,0,910372,25.1001,,S
306,0,3,"Hall, Mr. John",male,,0,0,928118,18.897,,S
307,1,2,"Young, Miss. Grace",female,19.2,0,0,881624,22.5799,,S
308,0,3,"Anderson, Mr. William",male,,0,0,996811,22.47,,Q
309,1,2,"Hall, Miss. Helen",female,11.2,0,0,824785,20.8178,,S
310,0,1,"Mitchell, Mr. James",male,20.4,0,0,389643,332.0294,,S
311,0,3,"Allen, Mr. Edward",male,19.9,0,0,992293,15.3648,G2,S
312,1,2,"Smith, Miss. Ellen",female,42.7,0,0,352409,23.1387,,S
313,1,1,"Anderson, Miss. Florence",female,41.3,0,0,590537,0.0,,S
314,0,2,"Mitchell, Mr. Frank",male,33.7,0,0,15656,13.5351,,S
315,1,2,"Mitchell, Mr. Frank",male,10.1,0,0,962960,35.5159,,S
316,0,2,"Anderson, Mr. Frank",male,25.2,0,0,595932,3.2391,G83,S
317,1,2,"Wright, Mr. William",male,18.9,0,0,949354,0.0,,S
318,0,3,"Johnson, Mr. Frank",male,,0,0,359301,14.0555,,S
319,0,2,"King, Mr. Edward",male,46.8,1,1,320106,38.4197,,S
320,1,3,"Brown, Miss. Florence",female,45.0,0,0,527182,14.1662,A35,S
321,0,3,"Adams, Miss. Ellen",female,18.7,0,0,864798,10.0026,F79,S
322,0,3,"Carter, Mr. Robert",male,,1,0,553404,0.0,,S
323,0,2,"Taylor, Mr. George",male,4.1,0,0,794547,26.4793,,C
324,0,3,"Allen, Mr. Robert",male,50.3,0,1,222301,20.974,,C
325,0,3,"Brown, Mr. John",male,,0,2,778040,0.0,,S
326,0,3,"Moore, Mr. Edward",male,,0,2,735135,26.1799,,S
327,0,3,"Johnson, Mr. John",male,53.5,0,0,897317,22.1227,,S
328,1,3,"Wilson, Mrs. Ellen",female,48.0,1,0,67060,26.1555,,S
329,0,3,"Mitchell, Mr. Charles",male,30.1,1,0,390347,20.1188,,S
330,0,2,"Smith, Mr. James",male,,0,0,97813,29.0979,,S
331,0,3,"Nelson, Mr. Charles",male,27.8,0,0,406054,19.4279,D5,C
332,1,1,"Johnson, Miss. Ellen",female,33.0,0,0,761308,151.7408,D93,S
333,1,3,"Young, Mr. William",male,52.9,0,0,643651,0.0,,S
334,0,3,"Allen, Mr. Robert",male,,0,2,755463,0.0,,S
335,1,1,"Carter, Miss. Helen",female,40.2,0,0,740425,26.5914,,S
336,1,3,"Taylor, Mr. Edward",male,,1,0,992325,12.272,,S
337,1,1,"Taylor, Mr. Charles",male,12.7,0,1,880938,114.2747,,S
338,1,3,"Green, Miss. Mary",female,40.6,0,0,590385,17.2715,,S
339,1,1,"Green, Mr. Robert",male,25.4,0,0,877085,171.1343,,C
340,1,3,"Scott, Mr. Charles",male,0.4,0,0,57431,26.3334,,C
341,1,1,"Smith, Mr. Edward",male,,1,0,724125,15.954,,S
342,0,3,"Wilson, Mr. Walter",male,,0,0,526813,16.3243,,Q
343,1,3,"Adams, Mrs. Anna",female,37.4,1,0,957322,4.3739,,S
344,0,3,"Wright, Mr. William",male,31.4,1,0,508718,11.6293,,C
345,0,3,"Wright, Mr. George",male,32.4,1,0,186842,17.2397,,S
346,0,3,"Wilson, Mr. Frank",male,58.0,0,0,726866,0.0,,S
347,1,3,"Wilson, Mr. Walter",male,,0,0,950835,40.2237,,S
348,1,2,"Carter, Mr. John",male,,1,1,26014,27.9633,C39,S
349,0,3,"Green, Mr. Walter",male,34.1,1,0,73549,7.1473,,S
350,1,1,"Brown, Miss. Helen",female,19.0,0,0,664673,234.3348,,S
351,0,3,"Carter, Mr. Robert",male,30.1,1,0,560065,9.8783,,S
352,0,1,"King, Mr. Edward",male,6.5,0,1,553116,94.3365,,S
353,0,3,"Moore, Mr. Robert",male,50.1,0,0,99294,8.3417,,S
354,0,3,"Clark, Mr. William",male,19.8,1,0,576381,31.8719,A26,Q
355,0,3,"Green, Mr. William",male,,0,0,572320,12.5452,,S
356,0,3,"Clark, Mr. Walter",male,29.2,0,0,850785,15.3443,,Q
357,0,3,"King, Mr. Walter",male,,2,0,396208,26.9416,,S
358,0,3,"Green, Mrs. Ellen",female,28.9,1,0,354424,20.1365,,S
359,0,3,"Taylor, Mrs. Grace",female,29.3,1,0,90793,13.1022,A45,S
360,0,3,"Carter, Mr. James",male,21.2,0,0,571228,25.9143,,S
361,0,3,"Clark, Mr. Charles",male,,5,0,651634,41.6233,,S
362,0,1,"Hall, Mr. Edward",male,34.3,0,0,287918,108.758,,C
363,1,1,"Scott, Mr. Robert",male,18.3,0,0,733885,93.1073,,S
364,0,1,"Wright, Mr. Walter",male,,0,0,938671,97.3089,,C
365,1,3,"Hall, Mrs. Grace",female,20.9,1,0,182443,28.1147,,S
366,0,2,"Wright, Mrs. Grace",female,63.0,1,2,576967,12.8104,D40,S
367,0,3,"Carter, Mrs. Mary",female,,1,1,697491,10.6385,B56,S
368,1,3,"Adams, Mr. John",male,52.1,0,1,28280,0.0,,Q
369,1,2,"Adams, Miss. Ellen",female,26.9,0,0,187256,5.2097,,S
370,1,3,"Wilson, Mr. James",male,33.5,0,0,401677,8.0042,,S
371,0,3,"Hall, Mr. William",male,10.5,0,0,146022,13.0847,,S
372,0,2,"King, Mr. James",male,23.2,0,0,361959,43.5981,,S
373,1,2,"Smith, Miss. Alice",female,32.8,0,0,155889,27.5679,,Q
374,0,2,"Baker, Mr. William",male,,1,0,897652,8.743,E37,C
375,1,1,"Moore, Mrs. Anna",female,32.9,1,0,603087,27.2175,F83,S
376,1,1,"Wilson, Mr. Robert",male,49.8,1,0,335879,191.2304,,Q
377,1,3,"Wilson, Mrs. Margaret",female,,0,1,781002,26.0927,,S
378,1,2,"Wilson, Mr. Frank",male,53.3,0,0,28232,20.9659,,S
379,0,2,"Moore, Mr. Edward",male,28.8,0,0,600924,14.8472,,S
380,1,3,"Wright, Miss. Emily",female,64.4,0,0,686608,26.0743,,S
381,0,3,"King, Mr. Walter",male,22.7,0,0,811257,2.7734,,S
382,0,3,"Wilson, Mr. Walter",male,18.6,0,2,230050,18.0123,,S
383,0,3,"Anderson, Mr. John",male,,0,0,595561,38.6992,,S
384,0,3,"Adams, Mr. Henry",male,63.5,0,1,770000,15.9589,,Q
385,0,2,"Johnson, Mr. George",male,41.6,0,1,799347,10.5171,D11,Q
386,0,3,"Young, Mr. Robert",male,24.9,0,0,183892,18.2141,,S
387,0,3,"Young, Mr. Frank",male,47.8,0,0,976756,8.5299,,S
388,0,3,"King, Miss. Florence",female,39.7,0,0,281225,0.0,,S
389,0,1,"Nelson, Mr. Robert",male,58.2,0,0,397049,138.6808,,S
390,0,3,"Wright, Mr. William",male,7.3,0,0,200137,25.9962,E5,S
391,0,3,"Mitchell, Mr. Robert",male,25.9,0,6,158442,10.28,,S
392,1,1,"Nelson, Mr. Frank",male,23.0,0,0,262908,54.5756,,S
393,0,3,"Anderson, Mr. Edward",male,1.1,1,1,144042,3.1228,,S
394,0,3,"Anderson, Miss. Elizabeth",female,45.1,0,0,735439,12.0507,,S
395,1,1,"Moore, Mrs. Emily",female,25.8,0,4,601502,40.1353,,S
396,0,3,"Clark, Mr. George",male,,0,0,396127,2.5786,G73,C
397,0,3,"King, Mr. John",male,63.9,0,0,551631,34.5139,D117,S
398,0,2,"Anderson, Mr. William",male,24.6,0,0,608160,26.6644,,S
399,0,3,"Anderson, Mr. Walter",male,23.6,1,0,192392,19.9963,C73,S
400,0,2,"Clark, Mr. Charles",male,31.4,0,1,303988,32.0842,,S
401,1,2,"Scott, Miss. Helen",female,44.0,0,0,883283,30.6235,,S
402,0,3,"Scott, Mr. George",male,21.5,0,0,21976,9.1558,E88,S
403,0,3,"Mitchell, Mr. Henry",male,20.6,0,0,957179,16.6981,A46,S
404,1,1,"Anderson, Mr. John",male,45.0,0,0,964645,63.0156,,S
405,0,3,"Clark, Mr. Henry",male,35.2,0,0,260683,18.5231,,S
406,0,3,"Mitchell, Mr. Edward",male,0.4,0,0,327503,17.4586,,S
407,0,2,"Scott, Mr. Robert",male,11.9,2,0,214813,15.6254,D33,S
408,0,3,"King, Mrs. Anna",female,51.5,1,0,565050,0.0,,S
409,1,1,"Young, Mr. John",male,35.5,5,0,221782,95.4065,,S
410,0,3,"Johnson, Mr. Walter",male,18.6,0,2,792774,11.453,G51,S
411,0,3,"Nelson, Mr. Frank",male,27.2,1,0,393546,0.0,A53,S
412,1,3,"Wright, Miss. Elizabeth",female,29.9,0,0,967758,19.2843,A48,S
413,0,1,"King, Mr. Edward",male,,0,0,854694,159.2967,,S
414,0,3,"Young, Mrs. Elizabeth",female,,4,0,407300,41.5119,,S
415,1,1,"Clark, Miss. Ellen",female,17.5,0,0,600000,53.4866,,S
416,0,1,"Wilson, Mr. Walter",male,,1,0,34142,41.9805,F59,S
417,1,1,"Baker, Mrs. Ellen",female,,1,0,76877,0.0,,S
418,0,3,"Young, Mr. Robert",male,38.0,0,0,510966,15.9951,,C
419,1,1,"Smith, Mrs. Florence",female,11.9,1,0,478248,99.7808,,Q
420,0,3,"Clark, Mr. John",male,34.9,0,5,404312,4.7757,,Q
421,0,3,"Carter, Mrs. Grace",female,45.5,1,0,99428,11.7758,,S
422,1,1,"Clark, Mr. Frank",male,36.8,1,0,841466,0.0,,S
423,1,1,"Hall, Mr. Charles",male,31.7,0,0,412151,156.2574,,S
424,0,1,"Wright, Mr. Charles",male,28.3,0,0,475312,23.887,A10,S
425,0,3,"Adams, Miss. Anna",female,17.6,0,0,409484,13.3188,,S
426,0,3,"Scott, Mr. Walter",male,28.7,0,0,502374,0.0,,S
427,1,1,"Nelson, Mr. James",male,48.0,0,0,651868,38.5764,G57,S
428,1,3,"Brown, Mrs. Emily",female,28.0,1,0,766342,10.6245,,S
429,0,1,"Carter, Miss. Ellen",female,,0,0,553958,83.1193,,S
430,0,3,"Carter, Mr. John",male,22.6,1,2,174312,18.9771,,S
431,0,3,"Young, Mr. Edward",male,32.6,0,0,876006,29.5298,D45,Q
432,0,3,"Wright, Mr. Edward",male,24.3,0,1,291783,21.7598,,S
433,0,3,"Anderson, Miss. Alice",female,36.7,0,0,26112,24.2838,,S
434,1,3,"Hall, Mr. Walter",male,37.3,1,2,48649,29.6071,,Q
435,1,1,"Anderson, Miss. Margaret",female,42.6,0,0,776258,128.4372,,S
436,0,1,"Smith, Mr. John",male,50.3,0,0,393087,81.1368,,S
437,0,1,"Mitchell, Mr. Henry",male,44.1,0,0,32431,162.7107,,S
438,0,3,"Wilson, Mr. Edward",male,16.2,1,0,813326,25.5031,,S
439,0,3,"King, Mr. Walter",male,,0,0,311246,20.8342,,S
440,1,3,"Moore, Mrs. Grace",female,28.6,0,6,978173,0.0,,C
441,0,3,"Clark, Mr. Edward",male,23.2,1,0,880865,4.4439,,C
442,1,1,"Clark, Mr. Frank",male,13.2,1,0,57685,62.5614,,C
443,0,3,"Moore, Miss. Ellen",female,23.3,0,0,693509,22.2758,,Q
444,1,1,"Wright, Mrs. Elizabeth",female,,0,1,607183,82.335,,S
445,1,2,"Mitchell, Mrs. Helen",female,,0,1,180276,35.3793,,C
446,1,3,"Hall, Mr. John",male,25.1,0,0,349633,28.1676,D111,S
447,1,3,"Mitchell, Mr. Edward",male,46.8,1,0,495876,26.8909,G89,S
448,0,3,"Scott, Miss. Ellen",female,32.6,0,0,154653,26.9609,,C
449,1,1,"Wright, Mr. Robert",male,65.5,0,0,724684,3.1145,,C
450,0,3,"Anderson, Mr. James",male,32.2,0,1,284524,19.009,,C
451,1,1,"Johnson, Miss. Helen",female,25.5,0,0,937968,36.6127,,S
452,0,3,"Nelson, Mr. John",male,29.8,0,0,803668,0.0,,S
453,0,3,"King, Mr. John",male,33.4,0,0,637977,10.5378,B94,S
454,1,1,"Hall, Miss. Helen",female,36.0,0,0,128569,187.3295,B68,S
455,1,1,"Adams, Mr. Walter",male,59.8,3,1,34428,119.9379,,C
456,1,1,"Moore, Mr. Walter",male,17.4,0,0,154459,241.3891,,C
457,0,3,"Baker, Mr. William",male,42.2,0,0,504704,15.6495,,S
458,0,3,"Moore, Mr. John",male,,0,0,783444,40.6258,,S
459,0,3,"Carter, Mr. Robert",male,6.9,0,2,161431,15.6527,,S
460,1,3,"Wilson, Miss. Alice",female,40.9,0,0,710294,13.9473,,S
461,1,3,"Brown, Mrs. Ellen",female,,0,2,57301,0.0,,S
462,1,1,"Scott, Mr. John",male,,1,0,272951,170.6239,,C
463,0,3,"Taylor, Mr. James",male,29.6,0,1,602524,8.1766,,S
464,1,2,"Carter, Miss. Alice",female,,0,0,830089,12.1884,D68,Q
465,0,3,"Scott, Mr. John",male,11.4,0,0,779151,27.7935,D115,S
466,0,3,"Anderson, Mr. George",male,44.9,0,0,537322,26.4404,,S
467,0,3,"Anderson, Mr. Frank",male,22.9,3,0,45699,26.1526,,S
468,1,3,"Carter, Miss. Margaret",female,13.6,0,0,300454,9.7159,C116,S
469,0,1,"Wright, Mr. Walter",male,33.0,1,0,785752,80.0239,,S
470,0,3,"Nelson, Mrs. Mary",female,22.1,1,0,90396,13.0416,,S
471,0,2,"Brown, Mr. Walter",male,22.9,0,0,709323,30.7727,,C
472,0,3,"Carter, Mr. William",male,,0,0,706881,30.7892,,S
473,0,1,"Young, Mr. George",male,12.9,0,0,754466,112.7154,,S
474,0,1,"Scott, Mr. Edward",male,16.6,1,2,225060,238.0415,,S
475,0,2,"Clark, Mr. Henry",male,31.9,0,4,252280,32.2635,,S
476,0,2,"Johnson, Mr. James",male,43.8,0,0,206516,17.5476,F113,S
477,1,2,"Mitchell, Mr. John",male,47.7,1,0,399659,31.3732,B81,S
478,0,3,"Mitchell, Mr. Robert",male,,1,0,528712,32.4653,,S
479,0,3,"Clark, Mr. James",male,43.3,0,0,128553,35.6812,,S
480,0,2,"Carter, Mr. William",male,18.3,0,1,571722,36.0296,E1,C
481,1,2,"Taylor, Mrs. Alice",female,56.2,1,0,246501,20.9338,,S
482,1,1,"Taylor, Mr. Edward",male,13.3,0,0,566524,67.0979,,S
483,0,3,"Johnson, Mrs. Alice",female,,1,0,309761,20.0368,,S
484,1,2,"Clark, Miss. Mary",female,20.2,0,0,955089,42.3617,,C
485,0,1,"Johnson, Mr. George",male,58.9,0,1,326241,117.834,,S
486,1,2,"Clark, Mrs. Anna",female,38.3,1,0,872592,26.5089,,Q
487,0,3,"Brown, Miss. Ellen",female,,0,0,183289,14.2654,,S
488,0,1,"Green, Mr. Frank",male,22.1,0,0,94067,58.4245,,S
489,0,3,"Adams, Mr. James",male,41.0,0,2,196824,11.9165,,S
490,0,3,"Scott, Mr. Edward",male,45.0,0,0,425178,15.1897,,S
491,0,3,"Anderson, Mr. George",male,28.7,1,1,902454,32.5991,,S
492,0,3,"Baker, Mr. Frank",male,30.3,0,2,184485,11.0631,,S
493,0,3,"Anderson, Miss. Emily",female,40.7,0,0,786053,14.2787,,S
494,1,2,"Baker, Mrs. Mary",female,31.6,0,2,699938,9.3501,,C
495,0,3,"King, Mr. George",male,10.9,2,0,351032,21.5829,,S
496,1,3,"Clark, Miss. Mary",female,17.9,0,0,343046,28.7335,,S
497,0,2,"Johnson, Mr. Edward",male,33.1,2,0,948166,41.7185,B91,S
498,0,3,"Adams, Mrs. Alice",female,47.3,1,0,717485,15.937,E62,S
499,0,2,"Carter, Mr. Walter",male,53.1,0,0,246533,28.0666,A64,S
500,1,3,"Scott, Mrs. Florence",female,,1,0,912738,12.0109,,S
501,1,3,"Mitchell, Miss. Emily",female,33.9,0,0,412751,19.5082,,S
502,0,3,"Carter, Mr. Walter",male,40.6,0,0,88898,17.1536,C74,S
503,0,3,"Taylor, Mr. Frank",male,20.0,0,0,815389,14.3409,,S
504,1,3,"Green, Mrs. Ellen",female,27.5,1,0,870037,15.2153,,S
505,0,3,"Moore, Mr. Henry",male,,1,0,448457,18.6711,,C
506,0,3,"Allen, Mr. William",male,11.6,1,6,706886,10.4643,,S
507,1,2,"Taylor, Mrs. Margaret",female,,8,2,242278,17.4475,,S
508,0,3,"Mitchell, Mr. Edward",male,32.4,0,0,851855,32.481,,Q
509,0,3,"Green, Mr. Henry",male,39.7,1,0,374849,43.516,,S
510,0,1,"Wilson, Mr. Frank",male,37.6,1,0,274633,0.0,,S
511,0,1,"Clark, Mr. Henry",male,33.2,0,0,505713,0.0,,C
512,1,3,"Hall, Miss. Ellen",female,37.8,0,0,274553,3.1713,,S
513,1,1,"Green, Mr. Edward",male,,0,0,624437,75.9435,,C
514,1,2,"Carter, Mr. Edward",male,35.7,1,0,750202,32.2451,,S
515,0,2,"Moore, Mr. George",male,19.2,0,0,411550,28.2863,,Q
516,1,1,"Allen, Mrs. Mary",female,35.1,1,0,785609,97.4184,,Q
517,1,2,"King, Mr. Charles",male,39.4,0,0,436990,27.4762,,S
518,0,3,"Clark, Mrs. Anna",female,20.0,0,1,970505,6.0871,G31,C
519,1,1,"Young, Miss. Florence",female,30.5,0,0,271303,64.9584,,S
520,0,3,"Brown, Miss. Emily",female,20.7,0,0,707687,13.479,,S
521,1,3,"Taylor, Mrs. Anna",female,22.1,1,0,539993,0.0,,S
522,1,2,"Hall, Miss. Margaret",female,13.4,0,0,944096,5.503,,S
523,1,1,"Carter, Mrs. Mary",female,48.1,1,0,227261,0.0,,S
524,0,3,"Moore, Mr. Edward",male,45.2,0,0,204781,22.1052,,S
525,1,1,"Anderson, Mrs. Grace",female,37.5,5,0,868850,103.1377,,S
526,0,2,"Green, Mr. Walter",male,58.3,0,0,902086,28.5438,,S
527,0,3,"Carter, Mr. John",male,27.0,0,0,749892,0.0,,C
528,0,3,"Allen, Miss. Helen",female,73.7,0,0,480134,0.0,E58,S
529,0,3,"Smith, Miss. Alice",female,,0,0,416175,20.9954,,C
530,1,2,"Scott, Miss. Helen",female,,0,0,669905,0.0,,C
531,0,3,"Hall, Mr. Henry",male,23.9,1,1,749754,27.1709,G62,C
532,0,3,"Scott, Mr. James",male,35.1,0,0,283216,0.0,,S
533,0,2,"Wilson, Mr. Walter",male,41.8,0,0,16925,31.5635,,C
534,0,3,"Smith, Mr. John",male,28.0,0,2,82820,3.9256,,C
535,1,1,"Moore, Mr. Walter",male,,0,0,351043,165.8145,,C
536,0,1,"Green, Mr. John",male,,0,0,684890,334.2366,D100,C
537,0,3,"Clark, Mr. Walter",male,,0,0,445897,0.0,,S
538,1,1,"Anderson, Mrs. Florence",female,16.5,1,0,622195,138.2394,,S
539,1,1,"Allen, Mr. Edward",male,35.8,8,0,475100,0.0,,C
540,1,3,"Baker, Mrs. Ellen",female,,0,1,259141,18.3945,,S
541,0,3,"Brown, Mr. Charles",male,20.9,0,3,751243,11.4255,D71,C
542,1,3,"Scott, Mr. Charles",male,18.4,0,0,726214,15.1276,,S
543,0,3,"Scott, Mr. Frank",male,68.4,0,0,963178,3.6715,,S
544,0,3,"Clark, Mr. John",male,25.9,0,0,827427,22.286,,S
545,1,1,"Mitchell, Mrs. Ellen",female,,2,0,386196,0.0,,S
546,0,2,"Nelson, Mr. Robert",male,,0,0,707695,36.7413,,Q
547,0,2,"Moore, Mr. William",male,29.0,0,0,357093,15.2797,,S
548,1,1,"Smith, Mrs. Anna",female,37.6,1,0,874102,0.0,,S
549,0,3,"Moore, Miss. Grace",female,37.7,0,0,614409,31.2443,,S
550,0,2,"Anderson, Mr. George",male,39.5,1,0,836285,19.7245,,Q
551,0,3,"Young, Mr. William",male,20.3,0,0,288440,34.684,,S
552,1,1,"Carter, Mr. James",male,34.6,0,0,24771,179.2658,,S
553,0,1,"Nelson, Mr. Edward",male,17.0,2,2,149936,21.7446,,S
554,0,3,"Moore, Mr. Edward",male,20.7,1,0,536050,12.7651,G80,S
555,0,1,"Hall, Mr. Walter",male,16.4,1,0,961924,93.441,,Q
556,1,1,"Smith, Miss. Mary",female,12.5,0,0,630771,203.0516,F41,Q
557,0,2,"Young, Mr. Walter",male,45.1,1,0,811433,26.2877,,S
558,1,3,"Johnson, Mr. Edward",male,39.7,0,2,474554,15.6392,F66,S
559,0,3,"Carter, Mr. Charles",male,,0,2,958913,11.5013,,S
560,1,3,"Nelson, Miss. Helen",female,,0,0,941547,13.1439,,S
561,0,1,"Anderson, Mr. Henry",male,41.0,0,0,225654,185.7582,E83,S
562,1,2,"Scott, Miss. Mary",female,4.2,0,0,863546,20.6482,,S
563,0,3,"King, Miss. Emily",female,42.2,0,0,27631,9.355,,S
564,1,3,"Adams, Mr. Edward",male,32.3,1,0,596667,7.4904,,C
565,0,3,"Allen, Mr. Robert",male,38.8,1,0,442888,7.6086,C68,S
566,0,3,"Taylor, Mr. James",male,35.2,1,0,308302,0.0,,S
567,1,3,"Wright, Mr. Walter",male,15.4,0,0,934271,5.4459,,S
568,1,1,"Johnson, Mrs. Helen",female,8.0,2,0,665698,200.8768,,S
569,1,2,"King, Mr. John",male,19.4,0,0,146941,17.9142,,S
570,0,3,"Anderson, Miss. Elizabeth",female,37.9,0,0,147868,21.4485,A84,S
571,0,2,"Scott, Mr. Robert",male,39.7,1,0,126013,0.0,,S
572,0,3,"Adams, Mr. William",male,,0,0,310995,19.9514,F90,C
573,0,3,"Brown, Mr. James",male,15.5,0,0,78263,11.9251,G71,C
574,0,3,"Hall, Miss. Alice",female,19.2,0,0,271552,8.4042,,Q
575,1,3,"Green, Miss. Alice",female,24.5,0,0,767367,15.6906,,S
576,0,3,"Taylor, Mr. Robert",male,10.0,1,1,874949,8.2459,A20,S
577,0,3,"King, Mr. William",male,9.1,0,2,788066,0.0,,S
578,1,3,"Scott, Miss. Grace",female,17.8,0,0,501092,23.8447,,S
579,0,3,"Clark, Mr. George",male,,0,0,698421,16.3732,A81,Q
580,1,2,"Adams, Miss. Elizabeth",female,12.6,0,0,944490,16.5187,G112,Q
581,0,3,"Young, Mr. William",male,,1,0,62758,3.072,B9,S
582,0,3,"Wright, Mr. Edward",male,45.0,2,0,905519,0.0,E1,S
583,0,1,"Brown, Mr. John",male,10.8,1,0,726054,101.4636,,S
584,0,2,"Smith, Mr. James",male,26.7,1,0,392530,41.5747,,S
585,0,3,"Johnson, Mr. Edward",male,44.6,0,0,454142,15.9348,,Q
586,0,3,"Carter, Mr. Charles",male,,1,0,444157,0.0,,S
587,1,1,"Nelson, Miss. Helen",female,21.4,0,0,166315,101.5591,G108,S
588,0,2,"Adams, Mr. Edward",male,,0,0,238015,19.9065,,S
589,0,1,"Taylor, Mr. George",male,25.3,0,0,302174,151.3954,B47,S
590,1,1,"Young, Mr. Frank",male,,0,0,15756,131.3252,B79,S
591,0,3,"Baker, Mr. John",male,35.9,1,0,506134,0.0,,C
592,0,2,"Scott, Mr. Henry",male,24.7,0,0,481765,27.6881,C117,S
593,0,2,"Brown, Mr. Charles",male,36.7,2,0,336354,7.5548,,S
594,0,3,"Nelson, Mr. James",male,34.3,0,0,184663,0.0,C42,S
595,0,1,"Taylor, Mr. Henry",male,44.5,0,1,970050,69.2991,,S
596,1,2,"Taylor, Mrs. Helen",female,21.7,1,0,681714,25.9426,,S
597,1,3,"Carter, Mr. Charles",male,30.3,0,0,479993,0.0,,S
598,0,3,"Allen, Miss. Alice",female,28.8,0,0,725442,21.4503,,S
599,0,3,"Clark, Mr. William",male,39.9,0,1,378428,22.0967,C108,S
600,0,3,"King, Mr. Henry",male,14.8,3,0,223373,14.2167,,C
601,1,3,"Mitchell, Mrs. Ellen",female,44.4,1,1,676433,4.1561,D50,S
602,1,3,"Brown, Miss. Margaret",female,36.5,0,0,772907,2.9268,,Q
603,1,3,"Baker, Miss. Florence",female,10.6,0,0,654038,24.9853,,S
604,0,3,"Moore, Mr. William",male,47.2,0,0,570732,0.0,,S
605,0,3,"Brown, Mr. William",male,62.1,0,0,12414,25.4092,,S
606,1,3,"Hall, Miss. Alice",female,,0,0,641482,11.8828,,S
607,0,3,"Young, Mr. Robert",male,50.4,0,0,622288,12.6458,E115,S
608,1,1,"Anderson, Mr. Henry",male,30.9,0,0,418324,0.0,,S
609,0,3,"Hall, Mrs. Elizabeth",female,5.6,0,1,251331,12.0861,,C
610,1,2,"Wright, Miss. Florence",female,3.0,0,0,979316,28.5766,,S
611,1,3,"King, Miss. Elizabeth",female,33.4,0,0,381480,0.0,,S
612,1,3,"Green, Mr. John",male,21.1,0,0,279313,19.185,G31,Q
613,0,3,"Adams, Mr. Charles",male,16.4,1,1,709284,14.6791,,S
614,0,3,"Hall, Mrs. Margaret",female,28.8,0,2,487146,6.6187,C88,Q
615,0,2,"Hall, Mr. Frank",male,38.6,1,0,561811,31.7108,F3,C
616,1,3,"Allen, Mrs. Anna",female,,0,2,651823,0.0,,C
617,1,3,"King, Mr. Robert",male,23.2,0,1,374968,17.5135,E22,C
618,0,2,"Brown, Mr. Henry",male,51.6,0,1,160778,41.6527,,S
619,1,1,"Moore, Mrs. Florence",female,14.1,0,1,175736,196.3156,,S
620,0,1,"Taylor, Mr. William",male,42.3,0,0,940250,114.4049,,C
621,0,3,"Clark, Mr. John",male,22.7,1,0,510426,10.3815,,C
622,0,3,"Mitchell, Mr. William",male,37.6,1,0,422834,6.7062,,S
623,0,3,"King, Miss. Florence",female,45.6,0,0,326172,10.3678,,S
624,1,3,"Hall, Miss. Florence",female,40.4,0,0,724419,19.6819,,S
625,0,3,"King, Mr. James",male,,1,0,913797,4.8203,,S
626,0,2,"Scott, Mr. John",male,13.0,0,2,771258,30.4465,A83,S
627,1,3,"Hall, Miss. Margaret",female,45.8,0,0,539002,37.1648,F68,C
628,0,1,"Hall, Mr. James",male,17.3,1,5,480701,79.1731,,C
629,0,3,"Green, Mr. Charles",male,,0,0,867303,0.0,,S
630,0,3,"Johnson, Mr. James",male,33.4,0,0,857761,0.0,G49,S
631,0,3,"Young, Mr. Frank",male,36.7,0,0,396278,22.2422,,S
632,0,3,"Young, Mrs. Helen",female,34.6,0,1,964642,13.0428,,S
633,1,1,"Baker, Miss. Ellen",female,17.5,0,0,829161,152.3928,C75,S
634,1,2,"Mitchell, Mrs. Ellen",female,10.1,1,0,847766,13.6628,,S
635,1,1,"Baker, Mr. Charles",male,42.3,0,0,65971,148.7886,,S
636,0,1,"Young, Mr. Frank",male,32.4,1,0,138711,71.6527,F21,S
637,1,3,"Taylor, Mr. Frank",male,46.4,1,0,305137,5.6425,,S
638,0,3,"King, Mr. George",male,29.1,1,1,763656,9.289,,S
639,1,3,"Adams, Mr. Frank",male,,0,0,87394,0.5324,,S
640,0,3,"Carter, Mr. Walter",male,43.7,0,1,92044,35.583,,S
641,0,3,"Adams, Mr. Robert",male,24.3,0,0,41333,12.6398,,S
642,1,3,"Taylor, Mr. Robert",male,,0,6,200005,20.7897,,S
643,1,1,"Green, Mrs. Ellen",female,20.3,1,0,919672,42.1242,C17,S
644,0,1,"Nelson, Mr. Frank",male,53.5,0,0,723995,1.9496,,S
645,1,3,"Scott, Mr. Walter",male,17.0,1,0,719699,11.1273,G46,Q
646,0,3,"Scott, Miss. Anna",female,24.8,0,0,299607,25.8131,C4,S
647,1,1,"Young, Miss. Margaret",female,,0,0,628858,43.3829,,S
648,0,3,"Wright, Miss. Emily",female,13.9,0,0,781193,4.1241,A111,S
649,0,3,"Wilson, Mr. Robert",male,34.5,1,0,537167,15.4101,,C
650,1,1,"Johnson, Miss. Elizabeth",female,,0,0,857574,122.9238,,C
651,0,2,"Adams, Mr. Frank",male,22.6,0,0,573857,41.957,B25,S
652,0,3,"Carter, Mr. Walter",male,35.4,1,6,331338,17.5913,,S
653,0,3,"Nelson, Mr. John",male,0.4,0,0,642302,20.7839,,S
654,0,1,"Moore, Mr. James",male,,0,0,943704,140.1035,C95,S
655,0,3,"Johnson, Mr. Robert",male,,0,0,828313,1.0168,,S
656,0,2,"Wilson, Mr. James",male,17.8,0,0,503480,8.0767,,S
657,1,3,"Adams, Miss. Florence",female,45.4,0,0,600919,1.7771,,Q
658,0,2,"Scott, Mr. Frank",male,25.0,0,0,976202,3.2821,D69,C
659,0,3,"Mitchell, Mr. John",male,,0,0,751094,22.4501,,S
660,0,2,"Moore, Mr. William",male,24.2,0,0,507479,24.3707,,Q
661,0,2,"King, Mr. George",male,1.9,0,0,288167,21.6334,,S
662,0,3,"Baker, Mr. George",male,13.3,0,0,906814,0.0,,S
663,0,1,"Anderson, Mr. George",male,43.6,0,2,976993,244.3272,,C
664,0,1,"Mitchell, Mr. George",male,0.4,0,0,80027,14.2468,,S
665,1,2,"King, Miss. Anna",female,18.6,0,0,41578,47.2736,,S
666,1,3,"Smith, Miss. Elizabeth",female,23.9,0,0,123947,0.0,,S
667,0,3,"Smith, Mr. Charles",male,55.0,0,0,392710,4.7636,,S
668,0,3,"Nelson, Mr. Charles",male,40.8,1,1,168277,0.0,,S
669,1,2,"Wright, Mrs. Ellen",female,21.6,1,0,883228,25.3076,,S
670,1,2,"Baker, Miss. Emily",female,,0,0,915072,6.2837,,S
671,0,1,"Baker, Mr. Robert",male,19.0,0,0,188717,0.306,G90,S
672,0,3,"Hall, Miss. Margaret",female,44.3,0,0,830778,0.0,,S
673,0,3,"Baker, Mrs. Alice",female,10.0,1,2,149924,22.2509,E43,S
674,0,3,"Carter, Miss. Anna",female,,0,0,789454,21.5261,,S
675,0,3,"Taylor, Mr. Edward",male,23.8,0,0,371776,33.6324,D7,S
676,1,2,"Baker, Mr. Frank",male,14.8,0,1,49885,11.6858,,S
677,0,3,"Moore, Mr. James",male,26.6,0,0,433912,16.107,,C
678,0,3,"Moore, Mr. Charles",male,33.7,0,0,824532,0.0,,S
679,0,1,"Hall, Mr. Walter",male,22.5,1,0,934059,57.867,,C
680,0,2,"Nelson, Mr. Edward",male,37.7,1,0,129912,13.855,,S
681,1,1,"Smith, Mr. John",male,21.2,0,1,837757,120.2271,,S
682,0,1,"Hall, Mr. Frank",male,38.7,0,0,300314,163.3277,,C
683,1,1,"Scott, Miss. Elizabeth",female,36.1,0,0,469448,161.3032,,C
684,0,3,"Brown, Mr. William",male,,0,1,117698,4.4291,,S
685,0,3,"Baker, Mr. Walter",male,23.3,0,0,973244,24.6831,,S
686,1,2,"Carter, Miss. Florence",female,31.9,0,0,792348,20.0269,C6,C
687,1,2,"Johnson, Mrs. Grace",female,37.7,1,0,645854,16.3802,,Q
688,1,3,"Taylor, Mrs. Elizabeth",female,59.6,3,1,729781,5.9064,,S
689,1,3,"Mitchell, Miss. Florence",female,43.3,0,0,874921,7.5407,,C
690,0,3,"Taylor, Miss. Florence",female,43.9,0,0,151991,32.8655,,C
691,0,2,"Johnson, Mr. William",male,74.5,0,0,253596,24.5963,,C
692,0,3,"Mitchell, Mr. Robert",male,37.2,0,0,46967,15.6207,,Q
693,1,1,"Nelson, Mr. George",male,36.7,0,0,494073,63.5447,,S
694,1,2,"Scott, Mr. Edward",male,39.9,0,0,499193,52.3977,A5,S
695,1,3,"King, Miss. Mary",female,15.1,0,0,39420,28.0551,,S
696,0,3,"Carter, Mr. Charles",male,23.3,1,2,664941,5.7683,F87,S
697,0,3,"Scott, Mr. George",male,22.4,0,0,18791,10.6902,C2,S
698,0,3,"Scott, Mr. William",male,39.1,0,0,794933,11.3433,,C
699,0,3,"Adams, Mr. Robert",male,,0,0,708397,15.3046,,Q
700,0,2,"Scott, Mr. George",male,31.7,3,2,816973,11.4841,,S
701,1,1,"Young, Mr. James",male,45.5,0,2,127110,118.2277,D27,S
702,1,2,"Clark, Miss. Mary",female,,0,0,871670,39.4771,,S
703,0,1,"Young, Mr. Frank",male,,0,0,552329,0.0,,S
704,1,3,"Young, Miss. Helen",female,,0,0,864703,1.2904,,S
705,1,2,"Clark, Mrs. Margaret",female,,5,1,699046,14.3189,,S
706,0,3,"Hall, Mr. Robert",male,40.9,0,0,659828,8.8952,,S
707,1,3,"Adams, Mr. Henry",male,6.4,1,0,41912,35.6831,,C
708,0,3,"Hall, Miss. Helen",female,25.2,0,0,695066,24.7188,,S
709,0,2,"Smith, Mr. John",male,32.1,0,2,454253,32.8762,F25,S
710,1,3,"Wilson, Mrs. Margaret",female,41.0,0,1,850741,10.792,,S
711,1,3,"Anderson, Mr. George",male,42.9,0,2,687309,10.5506,,S
712,0,3,"Baker, Miss. Alice",female,33.8,0,0,83611,0.0,,Q
713,0,3,"Hall, Mrs. Mary",female,38.2,0,1,890832,22.2991,,Q
714,0,3,"Wilson, Mr. Henry",male,30.6,0,1,72275,19.1016,E112,S
715,0,3,"Adams, Mr. John",male,19.9,1,0,306237,27.846,,S
716,1,1,"Smith, Mrs. Ellen",female,25.9,3,0,224643,67.5553,G7,S
717,0,3,"Taylor, Mr. George",male,30.0,0,6,974473,12.1404,,S
718,0,1,"Adams, Mr. Edward",male,29.2,0,0,161663,97.2636,,S
719,1,3,"King, Mr. William",male,2.4,1,0,846095,23.5109,,S
720,0,3,"Baker, Mr. Frank",male,23.9,0,0,229945,0.0,,S
721,0,3,"Adams, Mrs. Florence",female,30.5,1,0,654128,21.7966,,S
722,1,2,"Carter, Miss. Helen",female,,0,0,99441,20.3336,,S
723,1,1,"Johnson, Mr. Robert",male,26.1,1,0,398005,1.4263,E79,S
724,1,3,"Baker, Miss. Anna",female,36.8,0,0,626871,0.0,,S
725,0,1,"Green, Mr. William",male,14.1,0,1,713998,73.3551,,S
726,0,1,"Anderson, Mr. George",male,6.1,0,0,873770,196.9216,,S
727,0,2,"Carter, Mr. Henry",male,24.7,0,0,818030,42.3709,,S
728,1,1,"Hall, Mrs. Mary",female,40.8,1,1,523468,111.7193,B24,S
729,0,3,"Nelson, Mr. Henry",male,,5,0,310266,35.2821,G75,C
730,0,3,"Wright, Mr. Frank",male,41.0,0,0,268635,13.2276,,Q
731,1,2,"Young, Mr. James",male,,0,1,992900,32.9929,C15,S
732,1,1,"Taylor, Miss. Anna",female,26.3,0,0,612222,48.804,,C
733,1,1,"Carter, Mr. James",male,33.4,0,0,909532,43.8613,,S
734,0,2,"King, Mr. William",male,32.3,0,0,439410,11.7924,,S
735,1,1,"Smith, Mrs. Grace",female,37.5,1,2,490645,0.0,,S
736,0,3,"Smith, Mr. Henry",male,16.4,1,0,827498,27.858,,S
737,0,1,"Baker, Mr. Edward",male,30.6,0,0,725600,33.9527,G110,S
738,0,2,"Taylor, Mr. Henry",male,,0,4,208770,10.1813,,Q
739,0,2,"King, Mr. Charles",male,41.7,0,0,528768,5.2604,G64,S
740,0,2,"Scott, Mr. William",male,18.0,0,0,221314,17.9433,,S
741,1,1,"Wilson, Miss. Elizabeth",female,24.7,0,0,763320,221.5524,,S
742,0,1,"King, Mr. Frank",male,0.4,0,0,39635,247.3148,,S
743,0,3,"Anderson, Miss. Elizabeth",female,,0,0,828711,0.0,,S
744,1,1,"Carter, Miss. Florence",female,22.1,0,0,929762,56.3531,G14,S
745,0,3,"Nelson, Mr. William",male,14.9,1,0,32990,2.3221,,S
746,0,3,"Wilson, Mr. Robert",male,32.1,0,0,634085,24.5717,,C
747,1,2,"Young, Miss. Helen",female,,0,0,88340,24.3257,,S
748,0,2,"Young, Mr. Robert",male,0.4,0,0,366571,12.3246,,S
749,0,3,"Mitchell, Mrs. Florence",female,32.8,1,0,343102,14.4983,,C
750,0,3,"Clark, Miss. Mary",female,16.2,0,0,524502,8.4484,,S
751,0,2,"King, Mr. Frank",male,,0,0,918436,41.5852,C32,S
752,1,2,"Carter, Mr. Robert",male,,0,0,466979,27.7105,,S
753,0,2,"Taylor, Mr. Walter",male,,0,0,404290,29.3077,,S
754,0,3,"King, Mr. James",male,25.6,0,0,101851,0.0,B57,S
755,0,3,"Brown, Mr. Charles",male,,1,1,888636,12.9653,,S
756,0,1,"Wright, Mr. Robert",male,,0,0,321553,246.4905,D96,S
757,1,2,"Clark, Mrs. Helen",female,26.0,0,1,467809,37.8397,,S
758,0,3,"Mitchell, Miss. Alice",female,7.4,0,0,101378,0.0,,S
759,1,1,"Hall, Mrs. Margaret",female,8.3,1,0,295964,59.5528,,S
760,0,3,"Brown, Mr. James",male,21.2,1,0,557816,0.4833,,S
761,0,3,"Adams, Mr. James",male,,1,0,901637,32.5221,,S
762,1,1,"Adams, Mr. Robert",male,20.9,0,0,335604,103.0537,E102,S
763,0,1,"Scott, Mr. Walter",male,38.8,1,2,565063,24.1119,C117,S
764,1,1,"Green, Miss. Helen",female,25.7,0,0,876885,86.6643,,Q
765,0,3,"Wilson, Mr. George",male,15.7,0,0,366879,0.0,,S
766,1,1,"Wright, Mr. Charles",male,25.7,0,0,301878,0.0,,S
767,1,1,"Smith, Mrs. Grace",female,33.0,1,0,53962,86.8426,,S
768,1,1,"Taylor, Mr. Walter",male,34.4,0,1,908877,149.9627,E76,S
769,0,1,"Carter, Mr. James",male,56.9,0,0,119823,0.0,D31,S
770,0,3,"Green, Mr. Frank",male,,0,2,223264,9.5073,,C
771,0,1,"Anderson, Mr. Henry",male,,0,0,147917,162.7555,,S
772,0,3,"Brown, Mrs. Elizabeth",female,35.9,0,2,710436,0.0,A86,S
773,0,3,"Carter, Mr. Edward",male,29.4,0,1,371187,16.221,,S
774,0,3,"Brown, Mrs. Anna",female,22.4,1,2,707922,14.4257,,C
775,1,1,"Wilson, Miss. Mary",female,7.2,0,0,611259,217.7217,,S
776,1,3,"Taylor, Miss. Florence",female,,0,0,24936,11.1685,,S
777,0,3,"Smith, Mr. Robert",male,14.1,0,0,314513,11.8124,F89,S
778,1,1,"Moore, Mr. Walter",male,4.7,0,0,14041,150.6869,,C
779,0,3,"Mitchell, Mrs. Ellen",female,,4,0,74872,0.0,,S
780,0,3,"Moore, Mr. George",male,14.5,0,0,478272,11.2703,D64,Q
781,0,2,"Young, Mr. Henry",male,,0,0,272160,14.6756,,C
782,0,3,"Green, Mrs. Grace",female,38.4,0,1,98223,12.172,,S
783,0,3,"King, Mr. Walter",male,16.6,3,0,414594,23.0325,C48,C
784,1,3,"Green, Mrs. Helen",female,25.9,0,2,457386,19.7958,,S
785,1,3,"Scott, Mrs. Margaret",female,,1,0,992346,5.4645,,S
786,1,2,"Wright, Miss. Margaret",female,22.5,0,0,664932,22.3771,,S
787,0,3,"Wright, Mr. Robert",male,35.5,0,1,399056,30.0949,E113,C
788,0,2,"Baker, Mrs. Florence",female,41.7,0,1,478563,9.7922,,S
789,1,3,"Green, Mr. Robert",male,,0,0,98303,15.2968,,S
790,0,3,"Baker, Mrs. Ellen",female,45.0,0,2,392784,11.5752,,S
791,1,1,"Brown, Miss. Margaret",female,7.7,0,0,585303,79.0856,,S
792,1,2,"Scott, Mrs. Ellen",female,11.6,1,1,30769,0.0,,C
793,0,2,"Green, Mr. Charles",male,40.0,1,0,920442,38.9399,,S
794,0,1,"Wilson, Mr. Walter",male,,1,0,519929,23.6006,,S
795,0,1,"Nelson, Mr. Henry",male,,0,0,788827,164.0336,B96,C
796,0,2,"Moore, Mr. Charles",male,29.1,1,0,282841,12.5221,,C
797,1,1,"Anderson, Mr. Walter",male,0.4,4,0,837855,35.2106,,S
798,0,1,"Nelson, Mr. John",male,0.4,0,0,373180,178.6236,,S
799,1,3,"Anderson, Mr. George",male,31.6,0,0,928948,24.6327,,S
800,0,3,"Hall, Mrs. Alice",female,24.5,1,2,526929,15.9953,,S
801,1,3,"Clark, Miss. Emily",female,13.7,0,0,640177,22.0727,,S
802,0,2,"Nelson, Mr. Walter",male,30.7,0,0,211755,16.8488,,S
803,1,3,"Allen, Mrs. Ellen",female,31.4,1,0,994972,13.608,,C
804,1,3,"Scott, Miss. Anna",female,43.4,0,0,200712,6.4221,G64,S
805,1,1,"Baker, Mr. William",male,31.7,0,0,42948,154.5171,,C
806,1,1,"Wright, Mr. Edward",male,47.5,0,0,445432,29.9138,,Q
807,1,3,"Carter, Miss. Grace",female,29.8,0,0,836490,30.0367,,S
808,1,1,"Adams, Mrs. Florence",female,28.0,1,0,921965,59.3649,,S
809,0,3,"Hall, Miss. Alice",female,45.1,0,0,858439,13.9256,,S
810,0,3,"Mitchell, Miss. Elizabeth",female,15.5,0,0,557529,22.046,,C
811,1,1,"Young, Mrs. Emily",female,70.5,1,1,917532,85.8614,,S
812,1,1,"Smith, Mr. Frank",male,35.1,0,1,497108,60.7632,,S
813,0,3,"Wilson, Mr. Robert",male,35.2,1,0,483387,13.3697,,S
814,0,3,"Wright, Mr. James",male,37.3,0,0,188943,23.532,,C
815,1,1,"Taylor, Miss. Alice",female,56.9,0,0,789877,32.2975,,S
816,0,3,"King, Mr. John",male,,0,0,322933,12.3114,,S
817,0,3,"Clark, Mr. William",male,6.4,0,0,203129,13.8132,,S
818,0,3,"Young, Mrs. Margaret",female,,1,2,375850,23.2104,,S
819,0,3,"Smith, Mr. George",male,24.8,1,0,607098,12.6017,G66,Q
820,1,2,"Adams, Mrs. Florence",female,31.3,3,0,277303,44.1079,,Q
821,0,1,"Clark, Mr. Charles",male,11.2,0,0,365058,71.79,,C
822,0,3,"Brown, Mrs. Elizabeth",female,,1,0,336812,11.0855,,S
823,1,2,"Hall, Miss. Florence",female,20.3,0,0,600211,18.3766,,S
824,0,3,"Allen, Mr. Walter",male,31.2,1,0,716932,0.0,,S
825,0,3,"Wright, Mrs. Mary",female,25.6,0,6,678804,2.296,,S
826,1,1,"Young, Mr. George",male,57.6,1,0,149749,42.608,,S
827,0,3,"Smith, Mr. William",male,58.4,0,0,353597,26.1941,,C
828,1,1,"Nelson, Miss. Margaret",female,30.4,0,0,652009,81.4162,D118,S
829,0,3,"Allen, Mrs. Elizabeth",female,30.6,1,0,224075,8.3689,B108,S
830,0,2,"Johnson, Mr. William",male,24.3,0,1,78776,36.545,A87,Q
831,0,3,"Baker, Mr. Walter",male,45.7,0,2,328470,30.7629,,S
832,0,3,"Scott, Mrs. Ellen",female,24.9,3,1,681934,27.5092,,S
833,0,2,"Wright, Mr. Frank",male,23.6,0,0,667317,9.5098,,C
834,0,3,"Hall, Mr. James",male,43.9,0,0,138485,8.2523,,S
835,0,3,"Hall, Mr. Henry",male,21.9,0,0,680104,33.6511,,S
836,0,3,"Young, Mr. Edward",male,29.2,0,0,202484,16.3525,,S
837,0,3,"Johnson, Miss. Elizabeth",female,,0,0,743903,10.7561,,C
838,0,3,"Wilson, Mr. William",male,39.9,1,0,570859,21.6018,C105,S
839,0,2,"Mitchell, Mr. Charles",male,57.8,4,0,135271,33.6949,,S
840,0,3,"Scott, Mrs. Emily",female,40.2,0,1,356679,7.4141,,S
841,1,1,"Hall, Mr. Walter",male,50.9,1,0,820331,101.1163,B26,S
842,0,3,"Anderson, Mrs. Mary",female,,0,2,438375,23.8922,F119,C
843,0,3,"Green, Mr. Frank",male,,1,0,691265,0.9368,G79,S
844,1,2,"Wilson, Miss. Ellen",female,16.0,0,0,750784,20.7605,,S
845,1,1,"Taylor, Miss. Elizabeth",female,,0,0,40199,0.0,C92,S
846,1,3,"Taylor, Mrs. Anna",female,40.9,3,0,932159,2.8806,A79,S
847,0,2,"Green, Mr. Edward",male,31.2,1,0,342241,13.2797,,S
848,0,3,"Wright, Mr. Henry",male,9.2,0,0,795471,18.9483,,S
849,1,1,"Johnson, Miss. Emily",female,10.6,0,0,472043,58.8822,,S
850,0,3,"Brown, Mr. Walter",male,9.7,0,1,581193,6.5674,C41,S
851,0,1,"Wright, Mr. Edward",male,,0,0,367010,88.0213,E46,C
852,0,1,"King, Mr. William",male,59.6,0,0,854689,0.0,,Q
853,0,3,"Scott, Miss. Ellen",female,49.5,0,0,126242,18.4168,,S
854,1,3,"Taylor, Mrs. Ellen",female,2.2,0,1,897154,26.1453,,S
855,0,1,"Green, Mr. James",male,50.3,0,0,215272,77.8221,,S
856,1,3,"Carter, Miss. Anna",female,43.3,0,0,884327,11.4709,,S
857,0,3,"Wright, Mr. John",male,7.3,0,0,34315,17.8078,,S
858,0,3,"Taylor, Mr. Frank",male,25.3,2,0,23634,0.0,,Q
859,0,2,"Scott, Mr. Frank",male,45.6,0,0,102146,27.5786,,C
860,0,3,"Moore, Mr. Henry",male,37.7,1,0,552390,47.8207,,S
861,0,3,"Smith, Mr. Henry",male,,0,4,273636,12.3506,,Q
862,0,3,"Moore, Miss. Emily",female,38.6,0,0,601916,12.3896,,S
863,1,3,"Carter, Mrs. Elizabeth",female,0.4,1,0,821769,21.8797,,S
864,0,3,"Hall, Mr. Henry",male,26.5,0,0,36878,31.7987,,S
865,0,1,"Nelson, Mr. Robert",male,46.2,0,0,531370,160.0475,,S
866,0,3,"Young, Mr. William",male,30.0,0,0,741889,0.0,,C
867,0,3,"Young, Miss. Margaret",female,22.5,0,0,430252,19.8974,,S
868,0,3,"Smith, Miss. Grace",female,42.6,0,0,925797,41.9912,,S
869,0,1,"Wright, Miss. Alice",female,,0,0,665540,132.5504,,S
870,0,1,"Brown, Mr. James",male,48.7,0,0,44187,0.0,G78,C
871,0,3,"Allen, Mr. Frank",male,,0,2,546094,16.8001,,S
872,0,1,"Wilson, Mr. Edward",male,45.4,0,0,390114,0.0,,S
873,0,3,"Clark, Mr. James",male,40.3,0,0,140198,27.2608,,S
874,0,2,"Young, Mr. John",male,33.6,0,2,950899,8.1735,,C
875,0,3,"Smith, Mr. John",male,31.0,0,1,230396,14.5167,,S
876,0,3,"Wilson, Miss. Florence",female,26.3,0,0,92532,4.2644,A7,S
877,1,2,"Mitchell, Mr. Robert",male,12.1,0,1,230296,13.4962,,C
878,0,2,"Johnson, Mr. John",male,15.8,0,0,824806,39.92,,S
879,0,3,"Moore, Miss. Elizabeth",female,25.6,0,0,603952,14.838,,S
880,0,3,"Moore, Mr. Walter",male,33.2,0,1,821770,7.5488,,S
881,1,2,"Clark, Miss. Emily",female,50.6,0,0,467007,5.712,,S
882,0,3,"Scott, Mr. John",male,,5,0,125810,0.0,,S
883,1,3,"Anderson, Mrs. Alice",female,44.3,1,0,393708,0.0,C61,S
884,0,3,"Allen, Mr. James",male,45.4,0,0,207771,14.9316,,S
885,0,1,"Wright, Mr. William",male,26.3,0,0,561072,160.4582,F49,S
886,1,2,"Moore, Mrs. Emily",female,38.3,0,2,276730,13.3154,E39,S
887,0,2,"Carter, Mr. Henry",male,,1,0,970413,41.0171,C80,Q
888,0,1,"Mitchell, Mr. Charles",male,48.9,1,0,383431,28.035,,S
889,0,1,"Brown, Mr. Robert",male,38.9,0,0,321051,65.4351,F53,S
890,0,3,"Moore, Mr. William",male,12.4,0,0,984649,1.8247,,S
891,1,2,"Anderson, Miss. Anna",female,32.0,0,0,524992,33.4799,,S
